Modelo,MAE,RMSE,MSE,R²
Árbol de Decisión,1.38626384141219,1.6786454508123418,2.81785054953297,0.9906880102504467
Random Forest,0.5754236343058146,0.8082782396928792,0.6533137127610193,0.9978410314920777
