dia_semana,demanda_promedio_predicha
Lunes,47.38320375362349
Martes,47.51543182468521
Miércoles,47.10468400135768
Jueves,46.76422002408628
Viernes,47.42465784582665
Sábado,21.234141602846286
