dia_semana_num,demanda_diaria,demanda_predicha,dia
0,1095241.0,1095073.2219499925,Lunes
1,1101492.0,1102167.956605398,Martes
2,1109387.0,1109221.0988639707,Miércoles
3,1130588.0,1130758.8401824061,Jueves
4,1158812.0,1157873.0213058577,Viernes
5,274029.0,274430.0460751854,Sábado
