mes,demanda_predicha
1,749.8751246714027
2,681.9713042288242
3,1548.7247563333367
4,1642.1382708063427
5,2122.7560104937193
6,2169.247818832033
7,2174.333157654139
8,2100.616217195457
9,1927.4840542049612
10,1578.9471687298108
11,1103.900957130833
12,855.3537215877951
