mes,demanda_predicha
1,750.4855345375432
2,699.3269748592808
3,1573.1986942046956
4,1643.2178311071223
5,2137.849966807609
6,2173.0258076006894
7,2164.727921281933
8,2101.8077466462187
9,1912.3360375317407
10,1581.756590811971
11,1057.139403757231
12,926.685176833318
