Fold,MAE,MSE
1,3.7678401522361964e-05,1.1684110371076372e-06
2,5.290199809705045e-05,2.3254043767840217e-06
3,1.4462416745957005e-05,3.19695528068525e-07
4,4.186489058039954e-05,2.656517602283535e-06
5,2.9306538783588152e-05,7.345664915886466e-07
