Feature,Importancia
costo_servicio,4.5688848118543536e-08
tiempo_servicio_min,5.5352547960277345e-09
usuarios_diarios,0.004219341098872205
capacidad_maxima_diaria,0.9902990372117136
fecha_ordinal,0.0022790921446687973
hora_minutos,3.92625831527157e-10
dia_semana_num,0.001045527298899549
tipo_num,8.972650798476531e-05
tipo_servicio_num,0.0
año,0.0004907848801895946
mes,0.0015764392409425884
